{
  "num_transactions": {
    "mean": 49.194,
    "std": 29.063852159252566,
    "min": 1.0,
    "max": 99.0,
    "median": 49.0
  },
  "num_unique_invoices": {
    "mean": 36.16733333333333,
    "std": 23.10340186366512,
    "min": 1.0,
    "max": 96.0,
    "median": 34.0
  },
  "avg_transaction_amount": {
    "mean": 260.69886991911335,
    "std": 140.43383596055875,
    "min": 10.216962904231863,
    "max": 499.77652017235624,
    "median": 266.4487289500614
  },
  "max_transaction_amount": {
    "mean": 827.5046256997713,
    "std": 526.8559954716291,
    "min": 17.873466961604098,
    "max": 2381.809622546757,
    "median": 751.6506888499443
  },
  "min_transaction_amount": {
    "mean": 116.53298390923491,
    "std": 87.24008210453502,
    "min": 1.4916292785591971,
    "max": 387.6343515808706,
    "median": 95.34122150390121
  },
  "std_transaction_amount": {
    "mean": 79.18450175095325,
    "std": 54.43088748616995,
    "min": 1.424468782094606,
    "max": 246.13940592041857,
    "median": 69.62224343557459
  },
  "median_transaction": {
    "mean": 259.65844165260177,
    "std": 141.9105589464828,
    "min": 9.77943100032723,
    "max": 589.7711603959442,
    "median": 261.57558528133075
  },
  "max_price": {
    "mean": 54.49490578597939,
    "std": 25.770554663994442,
    "min": 10.09200696350032,
    "max": 99.96720628828994,
    "median": 54.01312955800428
  },
  "days_since_last_purchase": {
    "mean": 182.77933333333334,
    "std": 105.47169047292438,
    "min": 1.0,
    "max": 364.0,
    "median": 183.0
  },
  "customer_lifetime_days": {
    "mean": 359.16133333333335,
    "std": 196.9287585114004,
    "min": 31.0,
    "max": 699.0,
    "median": 346.0
  },
  "purchase_frequency_days": {
    "mean": 32.36308960378299,
    "std": 15.762909596050468,
    "min": 5.013236835859624,
    "max": 59.99409666877771,
    "median": 32.28090587627479
  },
  "num_unique_products": {
    "mean": 24.97533333333333,
    "std": 14.230403876391295,
    "min": 1.0,
    "max": 49.0,
    "median": 25.0
  },
  "num_unique_descriptions": {
    "mean": 26.941333333333333,
    "std": 14.302946353991508,
    "min": 1.0,
    "max": 53.0,
    "median": 27.0
  },
  "avg_items_per_invoice": {
    "mean": 10.385756413933724,
    "std": 5.567723931903024,
    "min": 1.00017662353611,
    "max": 19.994201796052703,
    "median": 10.391036397377606
  },
  "high_value_ratio": {
    "mean": 0.50375577984415,
    "std": 0.2877523776759325,
    "min": 0.0002864743929102964,
    "max": 0.9994827040238524,
    "median": 0.5036735686672604
  },
  "m_score": {
    "mean": 3.074666666666667,
    "std": 1.4393769808326295,
    "min": 1.0,
    "max": 5.0,
    "median": 3.0
  }
}