{
  "num_transactions": {
    "mean": 135.68539325842696,
    "std": 326.1402885539744,
    "min": 1.0,
    "max": 12890.0,
    "median": 53.0
  },
  "num_unique_invoices": {
    "mean": 6.252996254681648,
    "std": 11.877671441193428,
    "min": 1.0,
    "max": 336.0,
    "median": 3.0
  },
  "avg_transaction_amount": {
    "mean": 27.598324301657133,
    "std": 50.804091433772555,
    "min": 1.45,
    "max": 855.5999999999999,
    "median": 16.9687411971831
  },
  "max_transaction_amount": {
    "mean": 100.21768352059927,
    "std": 124.2621928999832,
    "min": 1.65,
    "max": 861.5999999999999,
    "median": 59.400000000000006
  },
  "min_transaction_amount": {
    "mean": 10.207354868913859,
    "std": 36.97807327128893,
    "min": 0.001,
    "max": 855.5999999999999,
    "median": 4.949999999999999
  },
  "std_transaction_amount": {
    "mean": 18.21233453013482,
    "std": 29.01954125053159,
    "min": 0.0,
    "max": 390.2380904012319,
    "median": 9.33175169038516
  },
  "median_transaction": {
    "mean": 22.837638576779025,
    "std": 49.08182261866446,
    "min": 0.79,
    "max": 855.5999999999999,
    "median": 15.0
  },
  "max_price": {
    "mean": 20.42355992509363,
    "std": 43.17493180102104,
    "min": 0.17,
    "max": 852.8,
    "median": 12.75
  },
  "days_since_last_purchase": {
    "mean": 201.93220973782772,
    "std": 209.9815248252094,
    "min": 0.0,
    "max": 738.0,
    "median": 97.5
  },
  "customer_lifetime_days": {
    "mean": 276.0204119850187,
    "std": 259.529783849236,
    "min": 0.0,
    "max": 738.0,
    "median": 227.0
  },
  "purchase_frequency_days": {
    "mean": 50.68015153958659,
    "std": 55.34638368392438,
    "min": 0.0,
    "max": 357.0,
    "median": 37.333333333333336
  },
  "num_unique_products": {
    "mean": 81.67172284644195,
    "std": 112.26836470966052,
    "min": 1.0,
    "max": 2286.0,
    "median": 44.0
  },
  "num_unique_descriptions": {
    "mean": 83.63501872659177,
    "std": 116.78336967226709,
    "min": 1.0,
    "max": 2376.0,
    "median": 45.0
  },
  "avg_items_per_invoice": {
    "mean": 214.84534422417158,
    "std": 1064.2404823271602,
    "min": 1.0,
    "max": 76223.0,
    "median": 151.45
  },
  "high_value_ratio": {
    "mean": 0.6438944566356505,
    "std": 0.32720347369394437,
    "min": 0.0,
    "max": 1.0,
    "median": 0.7817136886102404
  },
  "m_score": {
    "mean": 3.0,
    "std": 1.4143459979741133,
    "min": 1.0,
    "max": 5.0,
    "median": 3.0
  }
}