{
  "num_transactions": {
    "mean": 49.75333333333333,
    "std": 29.088824105631762,
    "min": 1.0,
    "max": 99.0,
    "median": 50.0
  },
  "num_unique_invoices": {
    "mean": 24.576666666666668,
    "std": 14.44459333027919,
    "min": 1.0,
    "max": 49.0,
    "median": 25.0
  },
  "avg_transaction_amount": {
    "mean": 260.14546285561977,
    "std": 137.39716205204846,
    "min": 10.116386552183444,
    "max": 499.6832147872591,
    "median": 265.7151346537609
  },
  "max_transaction_amount": {
    "mean": 1078.3513963976034,
    "std": 565.5613031270518,
    "min": 101.95601170670345,
    "max": 1993.0379740327762,
    "median": 1104.5095654431123
  },
  "min_transaction_amount": {
    "mean": 25.079620840201468,
    "std": 13.309405111056869,
    "min": 1.0605973082110627,
    "max": 49.77854404450859,
    "median": 25.905785625018428
  },
  "std_transaction_amount": {
    "mean": 100.17288057744722,
    "std": 56.44283422827393,
    "min": 5.064838693495434,
    "max": 198.52100309544667,
    "median": 101.74088672232784
  },
  "median_transaction": {
    "mean": 151.55052958581564,
    "std": 86.92300937215923,
    "min": 10.05463587140875,
    "max": 299.1526655536819,
    "median": 144.2940772264991
  },
  "max_price": {
    "mean": 54.981469974419596,
    "std": 26.198520086643253,
    "min": 10.189345885829507,
    "max": 99.97424237403226,
    "median": 56.10627112279192
  },
  "days_since_last_purchase": {
    "mean": 172.80333333333334,
    "std": 106.29792480704018,
    "min": 3.0,
    "max": 364.0,
    "median": 173.5
  },
  "customer_lifetime_days": {
    "mean": 375.36333333333334,
    "std": 191.36032478519473,
    "min": 30.0,
    "max": 697.0,
    "median": 375.0
  },
  "purchase_frequency_days": {
    "mean": 31.13739475032374,
    "std": 15.475118725205318,
    "min": 5.109567437048865,
    "max": 59.845029464662275,
    "median": 29.792579877233997
  },
  "num_unique_products": {
    "mean": 24.826666666666668,
    "std": 13.699472277835845,
    "min": 1.0,
    "max": 49.0,
    "median": 25.0
  },
  "num_unique_descriptions": {
    "mean": 25.80666666666667,
    "std": 13.472229167862071,
    "min": 1.0,
    "max": 49.0,
    "median": 26.0
  },
  "avg_items_per_invoice": {
    "mean": 10.182079444708961,
    "std": 5.481146341969799,
    "min": 1.121201824725223,
    "max": 19.81631377207932,
    "median": 9.519345083505083
  },
  "high_value_ratio": {
    "mean": 0.49415294238678453,
    "std": 0.2815010961054922,
    "min": 3.071884538241587e-05,
    "max": 0.9977493890102006,
    "median": 0.5286710369304548
  },
  "m_score": {
    "mean": 2.91,
    "std": 1.4266573416796908,
    "min": 1.0,
    "max": 5.0,
    "median": 3.0
  }
}